DTWAT6QK,0,1
DTWAT6QK,0,2
DTWAT6QK,0,3
ZVXL71YI,0,1
ZVXL71YI,0,2
ZVXL71YI,0,3
YLSE3F5H,0,1
YLSE3F5H,0,2
AQRRDDX4,0,1
AQRRDDX4,0,2
8GXR654P,0,1
8GXR654P,0,2
L2NFO494,0,1
L2NFO494,0,2
XI5424YZ,0,1
XI5424YZ,0,2
M8ZR2FPN,0,1
M8ZR2FPN,0,2
M8ZR2FPN,0,3
4B1GJLSN,0,1
4B1GJLSN,0,2
4B1GJLSN,0,3
E02EDD05,0,1
E02EDD05,0,2
E02EDD05,0,3
N6HGUVIJ,0,1
N6HGUVIJ,0,2
N6HGUVIJ,0,3
3MQ7IT3G,0,1
3MQ7IT3G,0,2
WKDRXIGC,0,1
WKDRXIGC,0,2
PNRJ3I2M,0,1
PNRJ3I2M,0,2
WEMTI4U7,0,1
WEMTI4U7,0,2
I24JCB76,0,1
I24JCB76,0,2
MQHMLU2B,0,1
MQHMLU2B,0,3
MQHMLU2B,0,4
MQHMLU2B,0,2
GE958EIH,0,1
GE958EIH,0,2
GE958EIH,0,3
7XVEWDHG,0,1
7XVEWDHG,0,2
OF3DIONL,0,1
OF3DIONL,0,2
FJ6IZAGM,0,1
FJ6IZAGM,0,2
FVRBAOU9,0,2
FVRBAOU9,0,3
FVRBAOU9,0,1
FVRBAOU9,0,4
4RBZR30S,0,1
4RBZR30S,0,2
4RBZR30S,0,3
MS68S6OX,0,1
MS68S6OX,0,2
MS68S6OX,0,3
61Q74GUH,0,1
61Q74GUH,0,2
61Q74GUH,0,3
6UREB4EJ,0,1
6UREB4EJ,0,2
6UREB4EJ,0,3
AABG0C8A,0,1
AABG0C8A,0,2
V1MLK9TP,0,1
V1MLK9TP,0,2
XIL86R61,0,1
XIL86R61,0,2
XIL86R61,0,3
XIL86R61,0,4
XIL86R61,0,5
XIL86R61,0,6
L4HZ1ZOK,0,1
L4HZ1ZOK,0,2
E9DCUMM2,0,1
E9DCUMM2,0,2
F40WSTOZ,0,1
F40WSTOZ,0,2
HFOA410A,0,1
HFOA410A,0,2
3XS3Q318,0,1
3XS3Q318,0,2
MT7GAOG6,0,1
MT7GAOG6,0,2
6FJO0SHP,0,1
6FJO0SHP,0,2
7QUE5XLF,0,1
7QUE5XLF,0,2
7QUE5XLF,0,3
7QUE5XLF,0,4
09JYR2PD,0,1
09JYR2PD,0,2
O54MRTYW,0,1
O54MRTYW,0,2
OIVY0LAW,0,1
OIVY0LAW,0,2
YY51Z3LY,0,1
YY51Z3LY,0,2
BVV82N5B,0,1
BVV82N5B,0,2
BVV82N5B,0,3
AV1MZ4ZK,0,1
AV1MZ4ZK,0,2
AV1MZ4ZK,0,3
779ATGSV,0,1
779ATGSV,0,2
779ATGSV,0,3
779ATGSV,0,4
5Y26A605,0,1
5Y26A605,0,2
5Y26A605,0,3
5Y26A605,0,4
YZPEH2QC,0,1
YZPEH2QC,0,2
YZPEH2QC,0,3
P7AG5V6C,0,1
P7AG5V6C,0,2
HIFECYUR,0,1
HIFECYUR,0,2
IUVV79LP,0,1
IUVV79LP,0,2
3W4Z4171,0,1
3W4Z4171,0,2
