DTWAT6QK,0
DTWAT6QK,2
ZVXL71YI,0
ZVXL71YI,2
ZVXL71YI,3
YLSE3F5H,0
YLSE3F5H,1
AQRRDDX4,0
AQRRDDX4,1
8GXR654P,0
8GXR654P,1
L2NFO494,0
L2NFO494,1
XI5424YZ,0
XI5424YZ,1
M8ZR2FPN,0
M8ZR2FPN,1
M8ZR2FPN,2
4B1GJLSN,0
4B1GJLSN,1
4B1GJLSN,2
E02EDD05,0
E02EDD05,1
E02EDD05,2
N6HGUVIJ,0
N6HGUVIJ,1
N6HGUVIJ,2
3MQ7IT3G,0
3MQ7IT3G,2
WKDRXIGC,0
WKDRXIGC,1
PNRJ3I2M,0
WEMTI4U7,0
I24JCB76,0
MQHMLU2B,0
GE958EIH,0
7XVEWDHG,0
OF3DIONL,0
FJ6IZAGM,0
FJ6IZAGM,2
FVRBAOU9,0
FVRBAOU9,3
4RBZR30S,0
4RBZR30S,2
MS68S6OX,0
MS68S6OX,2
61Q74GUH,0
61Q74GUH,2
6UREB4EJ,0
6UREB4EJ,2
AABG0C8A,0
AABG0C8A,2
V1MLK9TP,0
V1MLK9TP,2
XIL86R61,0
XIL86R61,1
XIL86R61,4
XIL86R61,6
L4HZ1ZOK,0
L4HZ1ZOK,1
E9DCUMM2,0
E9DCUMM2,1
F40WSTOZ,0
HFOA410A,0
HFOA410A,1
3XS3Q318,0
3XS3Q318,1
MT7GAOG6,0
MT7GAOG6,2
6FJO0SHP,0
6FJO0SHP,2
7QUE5XLF,0
7QUE5XLF,2
7QUE5XLF,3
09JYR2PD,0
O54MRTYW,0
O54MRTYW,1
OIVY0LAW,0
OIVY0LAW,1
YY51Z3LY,0
YY51Z3LY,1
BVV82N5B,0
BVV82N5B,2
BVV82N5B,3
AV1MZ4ZK,0
AV1MZ4ZK,1
AV1MZ4ZK,2
AV1MZ4ZK,3
779ATGSV,0
779ATGSV,1
779ATGSV,2
779ATGSV,3
779ATGSV,4
5Y26A605,0
5Y26A605,1
5Y26A605,4
YZPEH2QC,0
YZPEH2QC,2
YZPEH2QC,3
P7AG5V6C,0
HIFECYUR,0
IUVV79LP,0
3W4Z4171,0
